Date,Open,High,Low,Close
2020-01-02,17.8535,18.1,17.79,18.02
2020-01-03,18.023,18.27,18,18.02
2020-01-06,18.16,18.51,18.02,18.15
2020-01-07,18.14,18.4405,17.95,18.4055
2020-01-08,18.424,18.8555,18.06,18.1
2020-01-09,18.11,18.21,17.8,17.9
2020-01-10,17.91,18.1505,17.8464,18.0795
2020-01-13,18.1,18.11,17.92,17.96
2020-01-14,17.97,17.97,17.68,17.8
2020-01-15,17.79,18.0435,17.74,18.0055
2020-01-16,18.0055,18.0505,17.8652,17.94
2020-01-17,17.95,18.17,17.91,18.02
2020-01-20,18.04,18.13,18,18.0665
2020-01-21,18.0685,18.1565,17.64,17.79
2020-01-22,17.8,17.9325,17.69,17.8375
2020-01-23,17.8415,17.9155,17.61,17.8
2020-01-24,17.81,18.15,17.75,18.12
2020-01-27,18.26,18.34,18.05,18.1
2020-01-28,18.09,18.121,17.44,17.47
2020-01-29,17.46,17.59,17.39,17.56
2020-01-30,17.57,18.04,17.54,17.837
2020-01-31,17.8415,18.0975,17.7955,18.0315
2020-02-03,18.13,18.13,17.6,17.68
2020-02-04,17.69,17.79,17.53,17.59
2020-02-05,17.6,17.73,17.49,17.61
2020-02-06,17.62,17.89,17.6,17.82
2020-02-07,17.825,17.87,17.64,17.71
2020-02-10,17.72,17.84,17.6891,17.77
2020-02-11,17.78,17.81,17.5798,17.65
2020-02-12,17.6316,17.67,17.465,17.49
2020-02-13,17.484,17.74,17.476,17.65
2020-02-14,17.646,17.8115,17.62,17.7295
2020-02-17,17.73,17.89,17.7,17.7855
2020-02-18,17.8,18.23,17.79,18.17
2020-02-19,18.18,18.4675,18.1559,18.435
2020-02-20,18.4465,18.4495,18.2247,18.367
2020-02-21,18.371,18.63,18.345,18.5
2020-02-24,18.67,18.95,18.54,18.64
2020-02-25,18.65,18.67,17.86,18
2020-02-26,17.99,18.21,17.8,17.92
2020-02-27,17.91,18.14,17.6131,17.7775
2020-02-28,17.7515,17.8675,16.4,16.62
2020-03-02,16.54,17.06,16.45,16.73
2020-03-03,16.72,17.47,16.72,17.22
2020-03-04,17.2,17.34,17.09,17.22
2020-03-05,17.23,17.46,17.15,17.44
2020-03-06,17.444,17.58,17.06,17.33
2020-03-09,17.57,17.57,16.57,17.025
2020-03-10,16.92,17.2,16.8135,16.8925
2020-03-11,16.9565,17.11,16.68,16.7705
2020-03-12,16.77,16.92,15.52,15.8485
2020-03-13,15.79,15.87,14.4445,14.7
2020-03-16,14.8,14.91,11.5895,12.8155
2020-03-17,12.9445,13.2485,12.13,12.6545
2020-03-18,12.7395,12.8875,11.64,11.9545
2020-03-19,11.995,12.31,11.8,12.1165
2020-03-20,12.135,13.03,12.05,12.6
2020-03-23,12.39,13.2885,12.33,13.2735
2020-03-24,13.275,14.429,13.17,14.414
2020-03-25,14.47,14.72,14.02,14.5135
2020-03-26,14.35,14.68,14.16,14.3965
2020-03-27,14.45,14.63,14.18,14.5025
2020-03-30,14.5025,14.557,13.82,14.05
2020-03-31,14.08,14.2515,13.86,13.978
2020-04-01,13.96,14.15,13.82,13.96
2020-04-02,13.95,14.55,13.91,14.49
2020-04-03,14.5,14.55,14.28,14.4
2020-04-06,14.46,15.09,14.25,15.02
2020-04-07,15.01,15.54,14.8762,15.0175
2020-04-08,14.9885,15.14,14.8705,14.97
2020-04-09,14.96,15.55,14.93,15.44
2020-04-13,15.47,15.51,15.15,15.42
2020-04-14,15.35,15.84,15.35,15.75
2020-04-15,15.76,15.79,15.28,15.45
2020-04-16,15.49,15.6,15.21,15.49
2020-04-17,15.54,15.55,15.03,15.17
2020-04-20,15.15,15.4365,15.06,15.312
2020-04-21,15.3325,15.34,14.54,14.89
2020-04-22,14.91,15.16,14.68,15.09
2020-04-23,15.1,15.45,14.97,15.24
2020-04-24,15.26,15.39,15.03,15.24
2020-04-27,15.22,15.33,15.0255,15.2145
2020-04-28,15.201,15.24,14.91,15.17
2020-04-29,15.18,15.4,15.096,15.29
2020-04-30,15.32,15.5,14.711,14.961
2020-05-01,14.9395,15.0525,14.75,14.95
2020-05-04,14.98,15.07,14.71,14.79
2020-05-05,14.8,15.05,14.73,14.96
2020-05-06,14.97,15.16,14.82,14.85
2020-05-07,14.84,15.44,14.83,15.34
2020-05-08,15.35,15.64,15.22,15.51
2020-05-11,15.5,15.62,15.28,15.49
2020-05-12,15.5,15.63,15.34,15.45
2020-05-13,15.44,15.6555,15.3175,15.57
2020-05-14,15.5795,15.9,15.45,15.87
2020-05-15,15.88,16.73,15.78,16.62
2020-05-18,16.84,17.5695,16.68,16.979
2020-05-19,16.9895,17.49,16.977,17.347
2020-05-20,17.36,17.64,17.28,17.55
2020-05-21,17.57,17.57,16.88,17.11
2020-05-22,17.12,17.25,16.73,17.18
2020-05-25,17.2,17.21,16.9,17.185
2020-05-26,17.12,17.4615,17.0255,17.131
2020-05-27,17.1305,17.36,16.85,17.24
2020-05-28,17.28,17.52,17.18,17.37
2020-05-29,17.38,17.91,17.27,17.86
2020-06-01,18.03,18.38,17.946,18.31
2020-06-02,18.32,18.37,17.79,18.07
2020-06-03,18.064,18.09,17.47,17.65
2020-06-04,17.66,17.85,17.47,17.71
2020-06-05,17.72,17.78,17.22,17.4
2020-06-08,17.38,17.8,17.32,17.77
2020-06-09,17.76,17.78,17.47,17.52
2020-06-10,17.53,18.19,17.53,18.11
2020-06-11,18.1,18.16,17.48,17.635
2020-06-12,17.6535,17.75,17.39,17.5
2020-06-15,17.47,17.56,16.96,17.38
2020-06-16,17.39,17.57,17.29,17.46
2020-06-17,17.45,17.61,17.34,17.5
2020-06-18,17.49,17.67,17.31,17.39
2020-06-19,17.4,17.81,17.37,17.66
2020-06-22,17.69,18.03,17.66,17.71
2020-06-23,17.69,18.02,17.6724,17.95
2020-06-24,17.93,18.07,17.41,17.5
2020-06-25,17.52,17.82,17.45,17.8
2020-06-26,17.83,17.95,17.5,17.83
2020-06-29,17.84,17.96,17.69,17.86
2020-06-30,17.82,18.24,17.774,18.2
2020-07-01,18.24,18.45,17.84,18.01
2020-07-02,18.02,18.13,17.77,17.96
2020-07-03,17.97,18.1,17.935,18.0485
2020-07-06,18.0395,18.4,17.95,18.27
2020-07-07,18.28,18.37,17.99,18.27
2020-07-08,18.28,18.775,18.25,18.71
2020-07-09,18.73,19.04,18.49,18.64
2020-07-10,18.62,18.81,18.49,18.72
2020-07-13,18.73,19.39,18.71,19.08
2020-07-14,19.07,19.3,18.88,19.21
2020-07-15,19.25,19.48,19.15,19.41
2020-07-16,19.45,19.46,19.1,19.17
2020-07-17,19.15,19.4,18.9229,19.33
2020-07-20,19.35,19.92,19.2497,19.9
2020-07-21,19.93,21.33,19.86,21.3
2020-07-22,21.31,23.08,21.28,23
2020-07-23,23.05,23.26,22.2625,22.598
2020-07-24,22.642,22.9195,22.41,22.7525
2020-07-27,22.74,24.61,22.73,24.6
2020-07-28,24.58,26.19,22.31,24.42
2020-07-29,24.48,24.95,23.42,24.31
2020-07-30,24.34,24.42,22.94,23.5
2020-07-31,23.51,24.38,23.29,24.32
2020-08-03,24.61,24.98,24.03,24.33
2020-08-04,24.36,26.04,24.14,26.01
2020-08-05,26.07,27.1425,25.39,26.959
2020-08-06,26.979,29.09,26.8045,28.92
2020-08-07,28.94,29.86,27.39,28.09
2020-08-10,28.48,29.4,27.83,29.13
2020-08-11,29.14,29.26,24.387,24.803
2020-08-12,24.8265,26.28,23.46,25.513
2020-08-13,25.559,27.71,25.2785,27.6
2020-08-14,27.52,27.73,25.75,26.4
2020-08-17,26.55,27.57,25.84,27.39
2020-08-18,27.51,28.46,27.13,27.67
2020-08-19,27.72,28.03,26.5,26.7
2020-08-20,26.69,27.53,26.61,27.24
2020-08-21,27.28,27.541,26.06,26.72
2020-08-24,26.85,27.24,26.27,26.609
2020-08-25,26.6075,26.8,26.07,26.54
2020-08-26,26.58,27.51,26.11,27.51
2020-08-27,27.52,27.91,26.52,27.02
2020-08-28,27.03,27.72,26.84,27.51
2020-08-31,27.52,28.36,27.52,28.14
2020-09-01,28.16,28.9,27.68,28.11
2020-09-02,28.13,28.31,27.0715,27.447
2020-09-03,27.4645,27.71,26.49,26.572
2020-09-04,26.59,27.03,26.31,26.91
2020-09-07,26.89,27.18,26.64,26.855
2020-09-08,26.91,27.1,25.86,26.66
2020-09-09,26.65,27.12,26.41,26.98
2020-09-10,26.99,27.49,26.7,26.88
2020-09-11,26.84,27.03,26.58,26.7755
2020-09-14,26.69,27.31,26.68,27.11
2020-09-15,27.15,27.63,27.01,27.14
2020-09-16,27.245,27.44,26.8825,27.165
2020-09-17,27.1595,27.2005,26.31,27.02
2020-09-18,27.03,27.21,26.7,26.81
2020-09-21,26.74,26.9645,23.74,24.73
2020-09-22,24.74,25.23,23.84,24.38
2020-09-23,24.39,24.48,22.6,22.775
2020-09-24,22.76,23.35,21.67,23.14
2020-09-25,23.16,23.3,22.44,22.9
2020-09-28,22.91,23.7305,22.52,23.688
2020-09-29,23.683,24.4065,23.38,24.1815
2020-09-30,24.288,24.313,23.13,23.23
2020-10-01,23.275,24.16,23.23,23.79
2020-10-02,23.77,24.2,23.49,23.7635
2020-10-05,23.83,24.5195,23.69,24.3615
2020-10-06,24.3745,24.5,22.88,23.07
2020-10-07,23.05,23.98,23.03,23.81
2020-10-08,23.8,24.21,23.66,23.84
2020-10-09,23.85,25.16,23.83,25.15
2020-10-12,25.1,25.56,24.8,25.1
2020-10-13,25.12,25.19,23.94,24.13
2020-10-14,24.15,24.6355,23.87,24.2625
2020-10-15,24.267,24.3145,23.5785,24.2795
2020-10-16,24.3185,24.52,24.1155,24.14
2020-10-19,24.17,24.97,24.12,24.39
2020-10-20,24.38,24.92,24.32,24.62
2020-10-21,24.68,25.2885,24.66,25.0425
2020-10-22,25.0465,25.0925,24.39,24.71
2020-10-23,24.72,24.86,24.42,24.62
2020-10-26,24.26,24.56,24.1,24.2915
2020-10-27,24.3,24.62,24.2,24.3715
2020-10-28,24.28,24.57,23.03,23.3995
2020-10-29,23.4,23.58,22.59,23.2805
2020-10-30,23.26,23.82,23.18,23.65
2020-11-02,23.58,24.16,23.4,24.1
2020-11-03,24.096,24.39,23.92,24.23
2020-11-04,24.21,24.49,23.24,23.9
2020-11-05,23.91,25.47,23.9,25.37
2020-11-06,25.36,25.84,24.9,25.58
2020-11-09,25.7,26,23.58,24.1
2020-11-10,24.14,24.5,23.91,24.24
2020-11-11,24.22,24.43,23.78,24.28
2020-11-12,24.29,24.4,24.05,24.29
2020-11-13,24.28,24.82,24.15,24.63
2020-11-16,24.71,25.07,24.23,24.77
2020-11-17,24.78,24.81,24.37,24.49
2020-11-18,24.48,24.7,24.22,24.34
2020-11-19,24.33,24.38,23.6405,24.049
2020-11-20,24.0585,24.53,23.89,24.2
2020-11-23,24.13,24.4,23.43,23.6
2020-11-24,23.62,23.64,22.94,23.27
2020-11-25,23.26,23.52,23.11,23.3365
2020-11-26,23.3505,24.14,23.19,23.3295
2020-11-27,23.31,23.33,22.34,22.6915
2020-11-30,22.72,22.75,21.9,22.63
2020-12-01,22.64,24.0525,22.59,24.0045
2020-12-02,24.011,24.31,23.55,24.09
2020-12-03,24.1,24.28,23.75,24.06
2020-12-04,24.07,24.41,23.94,24.17
2020-12-07,24.23,24.78,23.54,24.49
2020-12-08,24.48,24.87,24.43,24.55
2020-12-09,24.58,24.59,23.59,23.96
2020-12-10,23.95,24.29,23.72,23.99
2020-12-11,24.01,24.12,23.61,23.96
2020-12-14,24.03,24.23,23.68,23.84
2020-12-15,23.85,24.56,23.825,24.5
2020-12-16,24.51,25.5,24.44,25.35
2020-12-17,25.34,26.1015,25.17,26.0675
2020-12-18,26.064,26.13,25.66,25.7725
2020-12-21,25.98,27.4,24.98,26.17
2020-12-22,26.2,26.58,25.08,25.19
2020-12-23,25.235,25.79,25.07,25.56
2020-12-24,25.57,25.91,25.44,25.7945
2020-12-28,26,26.77,25.93,26.26
2020-12-29,26.25,26.61,25.96,26.21
2020-12-30,26.22,26.68,26.145,26.68
2020-12-31,26.69,26.71,26.22,26.389
2021-01-04,26.64,27.57,26.63,27.24
2021-01-05,27.21,27.69,27,27.58
2021-01-06,27.57,27.92,26.62,27.3
2021-01-07,27.31,27.36,26.92,27.13
2021-01-08,27.16,27.21,24.49,25.31
2021-01-11,25.37,25.51,24.34,24.91
2021-01-12,24.929,25.64,24.929,25.55
2021-01-13,25.58,25.69,25.14,25.21
2021-01-14,25.22,25.89,25.06,25.51
2021-01-15,25.52,25.78,24.59,24.71
2021-01-18,24.75,25.35,24.14,24.9715
2021-01-19,24.95,25.41,24.95,25.22
2021-01-20,25.24,25.89,25.05,25.84
2021-01-21,25.83,26.05,25.65,25.9375
2021-01-22,25.9575,25.9725,25.03,25.45
2021-01-25,25.46,25.77,25.16,25.34
2021-01-26,25.35,25.66,25.2,25.48
2021-01-27,25.47,25.49,24.7,25.27
2021-01-28,25.29,26.93,24.87,26.47
2021-01-29,26.58,27.65,26.05,26.91
2021-02-01,28.3,30.03,27.97,29.04
2021-02-02,28.82,28.9,26.29,26.7
2021-02-03,26.65,27.19,26.49,26.89
2021-02-04,26.935,26.935,25.91,26.37
2021-02-05,26.38,27.05,26.2,26.86
2021-02-08,27.08,27.57,26.85,27.27
2021-02-09,27.28,27.81,27.07,27.27
2021-02-10,27.28,27.5315,26.8245,27.023
2021-02-11,27.037,27.28,26.7085,26.98
2021-02-12,26.97,27.43,26.86,27.26
2021-02-15,27.41,27.71,27.37,27.595
2021-02-16,27.623,27.95,26.84,27.24
2021-02-17,27.23,27.4215,26.87,27.3915
2021-02-18,27.391,27.5255,26.88,27.03
2021-02-19,27.06,27.61,26.25,27.19
2021-02-22,27.37,28.28,27.28,28.14
2021-02-23,28.18,28.33,27.25,27.68
2021-02-24,27.67,28.03,27.33,27.99
2021-02-25,27.97,28.21,27.29,27.45
2021-02-26,27.46,27.6,26.1415,26.55
2021-03-01,26.65,27.08,26.44,26.58
2021-03-02,26.57,26.9,25.87,26.76
2021-03-03,26.77,26.82,25.85,26.09
2021-03-04,26.1,26.3,25.07,25.36
2021-03-05,25.35,25.46,24.83,25.18
2021-03-08,25.36,25.92,24.96,25.13
2021-03-09,25.116,26.13,25.05,25.93
2021-03-10,25.938,26.223,25.56,26.21
2021-03-11,26.23,26.46,25.85,26.13
2021-03-12,26.14,26.17,25.4,25.9
2021-03-15,26.05,26.415,25.81,26.2485
2021-03-16,26.23,26.31,25.84,25.9605
2021-03-17,25.94,26.52,25.77,26.3835
2021-03-18,26.36,26.64,25.8345,26.0595
2021-03-19,26.03,26.32,25.89,26.24
2021-03-22,25.84,25.96,25.41,25.7895
2021-03-23,25.78,25.83,25.0168,25.0595
2021-03-24,25.07,25.36,24.98,25.1095
2021-03-25,25.05,25.18,24.42,25.0915
2021-03-26,25.13,25.25,24.87,25.07
2021-03-29,25.069,25.107,24.4525,24.6475
2021-03-30,24.674,24.74,23.8521,24.02
2021-03-31,24.0415,24.53,23.78,24.416
2021-04-01,24.434,24.978,24.25,24.959
2021-04-05,24.976,25.08,24.61,24.88
2021-04-06,24.884,25.29,24.77,25.164
2021-04-07,25.16,25.28,24.86,25.15
2021-04-08,25.158,25.62,24.97,25.45
2021-04-09,25.47,25.5,24.99,25.25
2021-04-12,25.246,25.28,24.71,24.816
2021-04-13,24.813,25.48,24.68,25.343
2021-04-14,25.348,25.53,25.2,25.422
2021-04-15,25.423,25.99,25.33,25.849
2021-04-16,25.855,26.3,25.75,25.96
2021-04-19,25.964,26.23,25.64,25.825
2021-04-20,25.82,26.09,25.7,25.845
2021-04-21,25.806,26.64,25.7629,26.555
2021-04-22,26.57,26.59,25.98,26.155
2021-04-23,26.151,26.4,25.85,26
2021-04-26,25.991,26.222,25.86,26.22
2021-04-27,26.218,26.46,26.05,26.263
2021-04-28,26.314,26.328,25.83,26.205
2021-04-29,26.23,26.475,25.72,26.1
2021-04-30,26.11,26.19,25.8,25.87
2021-05-03,25.93,26.9955,25.81,26.9105
2021-05-04,26.91,27.12,26.11,26.515
2021-05-05,26.51,26.63,26.1,26.495
2021-05-06,26.51,27.46,26.18,27.308
2021-05-07,27.32,27.68,27.14,27.45
2021-05-10,27.54,27.87,27.24,27.305
2021-05-11,27.36,27.667,27.1,27.62
2021-05-12,27.65,27.69,26.96,27.021
2021-05-13,27.02,27.24,26.74,27.0935
2021-05-14,27.1035,27.48,26.83,27.41
2021-05-17,27.4,28.29,27.35,28.178
2021-05-18,28.19,28.75,28.01,28.195
2021-05-19,28.19,28.23,27.37,27.735
2021-05-20,27.75,28,27.4,27.765
2021-05-21,27.77,28.07,27.21,27.53
2021-05-24,27.58,27.9,27.47,27.77
2021-05-25,27.78,28.03,27.47,27.996
2021-05-26,28.0035,28.23,27.61,27.68
2021-05-27,27.67,27.89,27.5,27.849
2021-05-28,27.88,27.97,27.4,27.93
2021-05-31,27.95,28.14,27.88,28.0395
2021-06-01,28.07,28.55,27.83,27.893
2021-06-02,27.88,28.19,27.6865,28.173
2021-06-03,28.17,28.24,27.0385,27.4305
2021-06-04,27.4545,27.84,27.23,27.78
2021-06-07,27.8,27.95,27.48,27.889
2021-06-08,27.89,27.98,27.51,27.609
2021-06-09,27.62,28,27.52,27.77
2021-06-10,27.79,28.03,27.47,27.996
2021-06-11,28,28.29,27.88,27.9125
2021-06-14,27.95,28.02,27.48,27.86
2021-06-15,27.87,27.9,27.4,27.66
2021-06-16,27.67,27.83,26.63,26.986
2021-06-17,26.94,27.25,25.78,25.906
2021-06-18,25.9,26.4995,25.74,25.7625
2021-06-21,25.81,26.08,25.56,25.955
2021-06-22,25.96,26.04,25.7,25.768
2021-06-23,25.78,26.3,25.7555,25.88
2021-06-24,25.87,26.17,25.82,25.934
2021-06-25,25.93,26.3,25.8971,26.07
2021-06-28,26.13,26.22,25.8,26.098
2021-06-29,26.1,26.12,25.54,25.775
2021-06-30,25.77,26.15,25.71,26.138
2021-07-01,26.13,26.4,25.95,26.026
2021-07-02,26.03,26.57,25.98,26.48
2021-07-05,26.49,26.82,26.3691,26.4775
2021-07-06,26.4585,26.77,26.01,26.152
2021-07-07,26.17,26.44,25.99,26.14
2021-07-08,26.17,26.21,25.82,25.928
2021-07-09,25.95,26.21,25.77,26.12
2021-07-12,26.1,26.29,25.87,26.195
2021-07-13,26.22,26.35,25.94,25.981
2021-07-14,25.99,26.4655,25.94,26.2455
2021-07-15,26.24,26.395,26.16,26.345
2021-07-16,26.34,26.45,25.6,25.66
2021-07-19,25.68,25.765,24.9965,25.176
2021-07-20,25.1825,25.28,24.82,24.94
2021-07-21,24.93,25.315,24.76,25.262
2021-07-22,25.28,25.467,25.02,25.4285
2021-07-23,25.4285,25.4755,25.01,25.1865
2021-07-26,25.21,25.44,25.12,25.19
2021-07-27,25.21,25.27,24.5,24.689
2021-07-28,24.7,25.01,24.62,24.968
2021-07-29,24.99,25.8,24.9668,25.513
2021-07-30,25.53,25.645,25.35,25.48
2021-08-02,25.52,25.64,25.3,25.406
2021-08-03,25.4,25.6,25.25,25.525
2021-08-04,25.53,26.01,25.33,25.391
2021-08-05,25.3825,25.515,25.09,25.1455
2021-08-06,25.1625,25.22,24.1975,24.3095
2021-08-09,24.33,24.37,22.25,23.447
2021-08-10,23.45,23.675,23.24,23.341
2021-08-11,23.34,23.595,23.21,23.545
2021-08-12,23.54,23.552,23.01,23.181
2021-08-13,23.19,23.835,23.17,23.72
2021-08-16,23.74,23.905,23.43,23.844
2021-08-17,23.85,23.96,23.58,23.658
2021-08-18,23.68,23.83,23.3,23.515
2021-08-19,23.53,23.54,23.1,23.245
2021-08-20,23.24,23.33,22.88,23.04
2021-08-23,23.02,23.7,22.98,23.638
2021-08-24,23.63,23.965,23.54,23.868
2021-08-25,23.85,23.895,23.59,23.839
2021-08-26,23.85,23.875,23.44,23.554
2021-08-27,23.57,24.12,23.35,24.07
2021-08-30,24.0255,24.2165,23.9,24.0365
2021-08-31,24.0185,24.2085,23.8075,23.8915
2021-09-01,23.8975,24.2685,23.74,24.1455
2021-09-02,24.1395,24.2205,23.78,23.897
2021-09-03,23.9135,24.8725,23.8595,24.7095
2021-09-06,24.7975,24.8215,24.63,24.6945
2021-09-07,24.7005,24.8295,24.1655,24.3195
2021-09-08,24.3305,24.4145,23.9095,23.9395
2021-09-09,23.94,24.2935,23.8378,24.0415
2021-09-10,24.0645,24.3015,23.74,23.7555
2021-09-13,23.7605,23.8585,23.38,23.7455
2021-09-14,23.7475,23.9645,23.4585,23.8595
2021-09-15,23.8595,23.9105,23.66,23.8465
2021-09-16,23.8525,23.97,22.6,22.9065
2021-09-17,22.9295,23.1395,22.33,22.3935
2021-09-20,22.3665,22.5155,22.0385,22.2745
2021-09-21,22.2835,22.7245,22.23,22.4925
2021-09-22,22.484,23.1455,22.4551,22.6985
2021-09-23,22.7125,22.8835,22.461,22.5145
2021-09-24,22.5245,22.8025,22.1,22.3725
2021-09-27,22.4065,22.8495,22.38,22.629
2021-09-28,22.6145,22.6725,22.1,22.4585
2021-09-29,22.4655,22.5545,21.4225,21.5345
2021-09-30,21.539,22.2375,21.47,22.1755
2021-10-01,22.1875,22.5875,21.98,22.5015
2021-10-04,22.5025,22.7695,22.2865,22.6815
2021-10-05,22.6845,22.6855,22.3755,22.6215
2021-10-06,22.6245,22.6815,22.2175,22.6195
2021-10-07,22.612,22.8085,22.3905,22.5905
2021-10-08,22.5776,23.1865,22.4385,22.6465
2021-10-11,22.6725,22.8235,22.5053,22.5825
2021-10-12,22.5985,22.7615,22.3485,22.5625
2021-10-13,22.5435,23.2445,22.4745,23.0915
2021-10-14,23.0955,23.5825,22.9035,23.5185
2021-10-15,23.5265,23.5915,23.0715,23.3225
2021-10-18,23.3275,23.4555,23.0205,23.1965
2021-10-19,23.194,24.1205,23.1885,23.6675
2021-10-20,23.6357,24.4215,23.5745,24.2985
2021-10-21,24.3085,24.4855,24,24.1535
2021-10-22,24.125,24.8285,24.1245,24.3335
2021-10-25,24.37,24.6175,24.294,24.5715
2021-10-26,24.5496,24.5715,23.8815,24.1555
2021-10-27,24.1605,24.2535,23.8415,24.0655
2021-10-28,24.0595,24.2435,23.9635,24.0755
2021-10-29,24.0825,24.0875,23.6625,23.8785
2021-11-01,23.8015,24.0895,23.7515,24.0135
2021-11-02,24.0135,24.0665,23.3925,23.5165
2021-11-03,23.5145,23.6225,23.0275,23.5905
2021-11-04,23.5905,24.0395,23.4445,23.7745
2021-11-05,23.7755,24.1685,23.6315,24.1635
2021-11-08,24.186,24.5145,24.05,24.4575
2021-11-09,24.4615,24.4745,24.0325,24.3085
2021-11-10,24.3125,25.1305,24.0675,24.6395
2021-11-11,24.6222,25.2665,24.59,25.2555
2021-11-12,25.2475,25.3845,24.8505,25.3045
2021-11-15,25.3195,25.3845,24.9145,25.0645
2021-11-16,25.095,25.4055,24.76,24.8325
2021-11-17,24.8255,25.2075,24.8115,25.0845
2021-11-18,25.0775,25.1595,24.6875,24.8055
2021-11-19,24.8075,24.9825,24.5605,24.5865
2021-11-22,24.6415,24.8865,24.1075,24.1845
2021-11-23,24.2135,24.3245,23.2785,23.6595
2021-11-24,23.6505,23.6845,23.4005,23.5505
2021-11-25,23.5525,23.7285,23.5165,23.6015
2021-11-26,23.6185,23.7275,22.9235,23.1435
2021-11-29,23.1345,23.4435,22.7575,22.9065
2021-11-30,22.9085,23.3095,22.6965,22.8385
2021-12-01,22.836,23.0325,22.1885,22.3345
2021-12-02,22.3145,22.5035,22.2215,22.3855
2021-12-03,22.4,22.5745,22.0395,22.5455
2021-12-06,22.6105,22.6135,22.1355,22.3875
2021-12-07,22.3895,22.6005,22.2375,22.4995
2021-12-08,22.4938,22.5675,22.3115,22.4325
2021-12-09,22.4186,22.4755,21.8675,21.9615
2021-12-10,21.9895,22.2315,21.8295,22.1765
2021-12-13,22.1855,22.4185,22.1475,22.3345
2021-12-14,22.3005,22.3395,21.6945,21.9485
2021-12-15,21.9324,22.1245,21.4285,22.0895
2021-12-16,22.0737,22.5365,21.9165,22.4815
2021-12-17,22.4676,22.6795,22.3513,22.3635
2021-12-20,22.3985,22.4495,22.1975,22.2655
2021-12-21,22.28,22.7765,22.1835,22.5155
2021-12-22,22.4939,22.8345,22.4465,22.7995
2021-12-23,22.7805,22.9345,22.6615,22.8815
2021-12-27,22.8735,23.1155,22.6535,23.0595
2021-12-28,23.0301,23.4345,22.9695,23.0145
2021-12-29,22.9826,23.1595,22.5942,22.8285
2021-12-30,22.8335,23.1145,22.6045,23.0415
2021-12-31,23.053,23.3355,23.04,23.2665
2022-01-03,23.342,23.4025,22.6805,22.8985
2022-01-04,22.9025,23.1015,22.6485,23.0495
2022-01-05,23.0361,23.2565,22.7315,22.7965
2022-01-06,22.755,22.8215,22.0105,22.1945
2022-01-07,22.1676,22.4385,21.9545,22.3065
2022-01-10,22.342,22.5195,22.1985,22.4685
2022-01-11,22.459,22.8035,22.4485,22.7815
2022-01-12,22.751,23.2215,22.6495,23.1435
2022-01-13,23.1285,23.2705,23.0035,23.0875
2022-01-14,23.0557,23.3115,22.8295,22.9445
2022-01-17,22.981,23.1155,22.8375,23.0245
2022-01-18,23.021,23.6365,22.8074,23.4795
2022-01-19,23.4745,24.2095,23.3819,24.1445
2022-01-20,24.1365,24.6995,24.0706,24.4755
2022-01-21,24.4725,24.5765,24.1735,24.2285
2022-01-24,24.268,24.3135,23.5705,23.9825
2022-01-25,23.9654,23.9875,23.6045,23.8125
2022-01-26,23.8345,23.9715,23.4405,23.5265
2022-01-27,23.5315,23.5995,22.5815,22.7765
2022-01-28,22.7955,22.8225,22.1515,22.4075
2022-01-31,22.462,22.6455,22.2535,22.4685
2022-02-01,22.4617,23.0455,22.4,22.6405
2022-02-02,22.6295,22.8665,22.4715,22.6545
2022-02-03,22.6525,22.6615,22.0115,22.4225
2022-02-04,22.4095,22.6695,22.1215,22.5035
2022-02-07,22.525,23.1035,22.514,23.0105
2022-02-08,23.0125,23.2585,22.7785,23.1895
2022-02-09,23.1785,23.3555,23.1005,23.3135
2022-02-10,23.2807,23.7145,23.1465,23.1965
2022-02-11,23.1875,23.6905,22.8635,23.6125
2022-02-14,23.624,23.9405,23.5285,23.8525
2022-02-15,23.8675,23.9905,23.0885,23.3655
2022-02-16,23.3708,23.6695,23.2835,23.5895
2022-02-17,23.6235,23.9195,23.4245,23.8345
2022-02-18,23.8305,24.0855,23.6865,23.9265
2022-02-21,24.033,24.059,23.7005,23.9575
2022-02-22,23.994,24.3645,23.9105,24.1055
2022-02-23,24.1125,24.5905,24.0305,24.5515
2022-02-24,24.5585,25.6175,23.8685,24.2225
2022-02-25,24.2825,24.4985,23.8805,24.2475
2022-02-28,24.664,24.793,24.0945,24.4525
2022-03-01,24.4475,25.5445,24.2835,25.3745
2022-03-02,25.396,25.4235,24.8615,25.3005
2022-03-03,25.3085,25.4755,24.9785,25.1835
2022-03-04,25.1945,25.7375,25.0455,25.5905
2022-03-07,25.879,26.1425,25.2985,25.6755
2022-03-08,25.6565,26.9295,25.3575,26.412
2022-03-09,26.403,26.7825,25.4165,25.7795
2022-03-10,25.7785,26.0605,25.3215,25.9175
2022-03-11,25.9235,25.9955,25.4215,25.8215
2022-03-14,25.6555,25.7635,24.9375,25.1005
2022-03-15,25.0995,25.1195,24.5405,24.8815
2022-03-16,24.8805,25.133,24.4725,25.0625
2022-03-17,25.0625,25.5425,25.0615,25.3345
2022-03-18,25.3345,25.4485,24.8365,24.9715
2022-03-21,24.9935,25.3095,24.8975,25.2295
2022-03-22,25.2305,25.3825,24.5805,24.7795
2022-03-23,24.7795,25.2025,24.6795,25.1505
2022-03-24,25.1515,25.8505,24.9725,25.5475
2022-03-25,25.5475,25.7265,25.2635,25.5245
2022-03-28,25.52,25.5955,24.7995,24.8745
2022-03-29,24.8874,25.0105,23.9785,24.7775
2022-03-30,24.8065,25.0635,24.7045,24.8665
2022-03-31,24.8898,25.0875,24.5755,24.7925
2022-04-01,24.801,24.8645,24.4415,24.6035
2022-04-04,24.628,24.8465,24.2835,24.5355
2022-04-05,24.5517,24.9415,24.2285,24.3295
2022-04-06,24.3709,24.5685,24.1285,24.4585
2022-04-07,24.456,24.6615,24.2535,24.5905
2022-04-08,24.5953,24.8085,24.3775,24.7265
2022-04-11,24.789,25.3745,24.6775,25.0915
2022-04-12,25.0698,25.6105,24.8755,25.3755
2022-04-13,25.4013,25.8325,25.3525,25.7405
2022-04-14,25.731,25.8725,25.3045,25.65
2022-04-18,25.674,26.2185,25.6135,25.8675
2022-04-19,25.851,25.9985,25.0605,25.1815
2022-04-20,25.1914,25.2945,24.8955,25.1955
2022-04-21,25.2018,25.2018,24.4225,24.6565
2022-04-22,24.657,24.6685,24.0535,24.1715
2022-04-25,24.15,24.1785,23.4035,23.6315
2022-04-26,23.6475,23.9255,23.4035,23.5145
2022-04-27,23.472,23.6925,23.2505,23.3095
2022-04-28,23.3151,23.4045,22.8985,23.1575
2022-04-29,23.1628,23.5635,22.7365,22.7695
2022-05-02,22.761,22.8565,22.1285,22.6415
2022-05-03,22.6484,22.8405,22.4255,22.5735
2022-05-04,22.601,23.0945,22.2215,22.9795
2022-05-05,23.0099,23.2785,22.3245,22.5205
2022-05-06,22.5116,22.6435,22.1065,22.3735
2022-05-09,22.34,22.3725,21.7005,21.7985
2022-05-10,21.8189,22.1005,21.1985,21.2735
2022-05-11,21.253,21.9665,21.2475,21.5755
2022-05-12,21.5807,21.6635,20.6195,20.6865
2022-05-13,20.71,21.0925,20.4595,21.0455
2022-05-16,21.09,21.6855,20.8475,21.6225
2022-05-17,21.6425,21.9165,21.5135,21.6325
2022-05-18,21.6347,21.7545,21.3765,21.4125
2022-05-19,21.426,21.9795,21.2835,21.9285
2022-05-20,21.93,22.0785,21.6155,21.7625
2022-05-23,21.794,22.1885,21.6825,21.7985
2022-05-24,21.797,22.2015,21.6715,22.1115
2022-05-25,22.12,22.1465,21.7415,21.9905
2022-05-26,21.9889,22.0705,21.7305,22.0145
2022-05-27,22.0155,22.4455,21.9415,22.0795
2022-05-30,22.117,22.2805,21.9195,21.9825
2022-05-31,22.0005,22.0165,21.4775,21.5595
2022-06-01,21.5456,21.9755,21.4405,21.8355
2022-06-02,21.838,22.3355,21.7665,22.3095
2022-06-03,22.322,22.4835,21.8515,21.9255
2022-06-06,21.923,22.5155,21.8985,22.0845
2022-06-07,22.09,22.2835,21.8835,22.2305
2022-06-08,22.2466,22.2475,21.8185,22.0475
2022-06-09,22.0545,22.1465,21.5545,21.6895
2022-06-10,21.7193,21.9915,21.2905,21.8765
2022-06-13,21.939,22.0125,20.9745,21.0925
2022-06-14,21.138,21.3795,20.9005,21.0365
2022-06-15,21.0688,21.8385,21.0095,21.6805
2022-06-16,21.643,21.9645,21.3525,21.9505
2022-06-17,21.9343,21.9505,21.5805,21.6585
2022-06-20,21.69,21.7635,21.4855,21.6015
2022-06-21,21.594,21.9385,21.4965,21.6905
2022-06-22,21.6854,21.6905,21.2375,21.4235
2022-06-23,21.4335,21.5045,20.9255,20.9595
2022-06-24,20.9633,21.2235,20.6155,21.1455
2022-06-27,21.228,21.5395,21.0965,21.1515
2022-06-28,21.185,21.3625,20.8005,20.8605
2022-06-29,20.859,21.0605,20.6345,20.7485
2022-06-30,20.748,20.8235,20.2155,20.2755
2022-07-01,20.2939,20.2965,19.3895,19.8725
2022-07-04,19.894,20,19.7715,19.9715
2022-07-05,19.9825,20.2055,19.1045,19.2285
2022-07-06,19.2595,19.4035,18.9235,19.2025
2022-07-07,19.2205,19.4875,19.1065,19.2355
2022-07-08,19.2405,19.4515,19.0225,19.3005
2022-07-11,19.297,19.3705,19.0695,19.1185
2022-07-12,19.109,19.2025,18.7485,18.9375
2022-07-13,18.9055,19.4115,18.8665,19.2145
2022-07-14,19.244,19.244,18.1465,18.4255
2022-07-15,18.4465,18.7805,18.1905,18.6645
2022-07-18,18.698,19.0175,18.6415,18.6985
2022-07-19,18.7267,18.9095,18.5875,18.7525
2022-07-20,18.787,19.0975,18.6535,18.6775
2022-07-21,18.6955,18.8835,18.2465,18.8565
2022-07-22,18.8406,18.9465,18.5135,18.5805
2022-07-25,18.604,18.7885,18.3195,18.4355
2022-07-26,18.4295,18.7205,18.3895,18.6265
2022-07-27,18.657,19.1325,18.4545,19.0895
2022-07-28,19.1055,20.0265,19.0595,20.0145
2022-07-29,19.985,20.3115,19.8555,20.2695
2022-08-01,20.34,20.5095,20.0885,20.3595
2022-08-02,20.3582,20.5075,19.9535,19.9895
2022-08-03,19.9995,20.1705,19.7895,20.0605
2022-08-04,20.07,20.3835,19.9675,20.1815
2022-08-05,20.2015,20.3195,19.5655,19.8815
2022-08-08,19.904,20.7405,19.8015,20.6715
2022-08-09,20.681,20.7395,20.4155,20.5335
2022-08-10,20.5229,20.8405,20.3495,20.5945
2022-08-11,20.6173,20.6345,20.2525,20.3105
2022-08-12,20.3175,20.8315,20.2445,20.8045
2022-08-15,20.789,20.8735,20.0915,20.2695
2022-08-16,20.3139,20.3139,19.9195,20.1365
2022-08-17,20.1523,20.2755,19.7005,19.7955
2022-08-18,19.7965,19.9345,19.4875,19.5415
2022-08-19,19.5655,19.5765,19.0305,19.0525
2022-08-22,19.057,19.1565,18.7245,18.9925
2022-08-23,19.0154,19.2795,18.8005,19.1145
2022-08-24,19.143,19.2285,18.9585,19.1165
2022-08-25,19.125,19.4015,19.1105,19.2515
2022-08-26,19.2562,19.4225,18.8295,18.8555
2022-08-29,18.8785,18.9085,18.5175,18.7875
2022-08-30,18.7752,18.8445,18.3545,18.4345
2022-08-31,18.4111,18.5465,17.9405,17.9945
2022-09-01,17.991,18.0005,17.5665,17.8135
2022-09-02,17.8045,18.2875,17.7805,17.9855
2022-09-05,18.046,18.2485,17.9505,18.1535
2022-09-06,18.161,18.5745,17.9445,18.0095
2022-09-07,18.009,18.4775,17.8495,18.4585
2022-09-08,18.4678,18.7415,18.3265,18.5395
2022-09-09,18.53,18.9485,18.5295,18.7985
2022-09-12,18.874,20.0145,18.8465,19.8045
2022-09-13,19.8015,19.9455,19.333,19.3455
2022-09-14,19.325,19.6965,19.2405,19.6355
2022-09-15,19.6245,19.6665,19.1175,19.1755
2022-09-16,19.16,19.6245,18.7845,19.5365
2022-09-19,19.554,19.6615,19.2245,19.5615
2022-09-20,19.5665,19.5795,19.0625,19.2785
2022-09-21,19.278,19.9145,19.2425,19.5635
2022-09-22,19.5655,19.8605,19.2485,19.6385
2022-09-23,19.633,19.7145,18.7765,18.8635
2022-09-26,18.869,19.0335,18.3325,18.3615
2022-09-27,18.378,18.7865,18.3225,18.3935
2022-09-28,18.4063,18.9755,17.9735,18.8995
2022-09-29,18.9035,18.9125,18.4995,18.8245
2022-09-30,18.825,19.2915,18.7805,19.0195
2022-10-03,19.016,20.7155,19.011,20.7095
2022-10-04,20.679,21.2385,20.6125,21.0665
2022-10-05,21.04,21.0725,19.9435,20.6495
2022-10-06,20.6465,20.8695,20.3615,20.6565
2022-10-07,20.655,20.8235,20.0025,20.0945
2022-10-10,20.168,20.1925,19.5175,19.6065
2022-10-11,19.6205,19.7225,19.0655,19.1585
2022-10-12,19.1625,19.3145,18.8675,19.0225
2022-10-13,19.0479,19.3095,18.4595,18.8865
2022-10-14,18.9,19.072,18.0915,18.2545
2022-10-17,18.258,18.9425,18.228,18.6715
2022-10-18,18.6724,18.9255,18.5485,18.7355
2022-10-19,18.7443,18.8105,18.3675,18.4555
2022-10-20,18.4542,19.0015,18.2315,18.6745
2022-10-21,18.6609,19.3055,18.2855,19.2815
2022-10-24,19.416,19.6755,19.0205,19.2225
2022-10-25,19.2315,19.4325,18.7905,19.3465
2022-10-26,19.3291,19.7785,19.2175,19.5895
2022-10-27,19.55,19.6705,19.2955,19.6045
2022-10-28,19.5975,19.6395,19.0045,19.2695
2022-10-31,19.2195,19.2565,18.9065,19.1505
2022-11-01,19.1495,20.0165,19.1455,19.6335
2022-11-02,19.6365,20.0715,19.2055,19.2075
2022-11-03,19.2065,19.5435,18.8355,19.4575
2022-11-04,19.4585,20.9065,19.4185,20.8615
2022-11-07,20.468,21.0085,20.3875,20.8035
2022-11-08,20.794,21.6245,20.4945,21.3555
2022-11-09,21.344,21.5955,20.9965,21.0705
2022-11-10,21.03,21.8235,20.9595,21.6835
2022-11-11,21.6585,22.0515,21.2785,21.6565
2022-11-14,21.676,22.0885,21.2975,21.9885
2022-11-15,21.9765,22.2475,21.3925,21.5645
2022-11-16,21.545,22.0425,21.3955,21.4705
2022-11-17,21.475,21.4895,20.7635,20.9555
2022-11-18,20.982,21.2915,20.8435,20.9035
2022-11-21,20.949,21.0135,20.5885,20.8485
2022-11-22,20.8491,21.3365,20.8365,21.0865
2022-11-23,21.0875,21.5895,20.9135,21.5345
2022-11-24,21.5385,21.6775,21.4615,21.5075
2022-11-25,21.482,21.5525,21.1615,21.4605
2022-11-28,21.386,21.6155,20.8715,20.9355
2022-11-29,20.941,21.4485,20.9025,21.2585
2022-11-30,21.2475,22.2025,21.2025,22.1925
2022-12-01,22.231,22.7825,22.0455,22.7495
2022-12-02,22.728,23.236,22.291,23.137
2022-12-05,23.096,23.519,22.168,22.251
2022-12-06,22.2415,22.607,22.045,22.198
2022-12-07,22.1831,22.815,22.096,22.725
2022-12-08,22.732,23.222,22.549,23.067
2022-12-09,23.098,23.686,22.965,23.421
2022-12-12,23.455,23.531,23.114,23.315
2022-12-13,23.3154,24.123,23.3,23.733
2022-12-14,23.724,24.04,23.401,23.937
2022-12-15,23.9274,23.941,22.977,23.092
2022-12-16,23.0827,23.251,22.559,23.205
2022-12-19,23.185,23.411,22.84,22.987
2022-12-20,22.976,24.253,22.885,24.148
2022-12-21,24.1465,24.302,23.83,23.97
2022-12-22,23.9705,24.087,23.382,23.573
2022-12-23,23.578,23.894,23.519,23.734
2022-12-27,23.9135,24.282,23.793,24.045
2022-12-28,24.0545,24.073,23.467,23.549
2022-12-29,23.5569,24.061,23.523,23.906
2022-12-30,23.901,24.145,23.529,23.935
2023-01-03,24.105,24.547,23.888,24.009
2023-01-04,23.9947,24.452,23.599,23.76
2023-01-05,23.7829,23.915,23.12,23.243
2023-01-06,23.249,23.91,23.204,23.846
2023-01-09,23.887,24.103,23.584,23.655
2023-01-10,23.652,23.769,23.429,23.609
2023-01-11,23.5955,24.041,23.219,23.417
2023-01-12,23.4,24.179,23.383,23.774
2023-01-13,23.7645,24.294,23.497,24.275
2023-01-16,24.276,24.512,23.939,24.2875
2023-01-17,24.2885,24.372,23.828,23.933
2023-01-18,23.925,24.339,23.428,23.474
2023-01-19,23.4675,23.94,23.174,23.838
2023-01-20,23.853,24.077,23.709,23.938
2023-01-23,23.936,24.16,22.766,23.459
2023-01-24,23.461,23.74,23.215,23.671
2023-01-25,23.6666,23.939,23.334,23.911
2023-01-26,23.923,24.29,23.601,23.915
2023-01-27,23.9015,24.005,23.304,23.565
2023-01-30,23.574,23.807,23.545,23.606
2023-01-31,23.6,23.767,22.973,23.733
2023-02-01,23.725,24.04,23.368,23.969
2023-02-02,23.9795,24.624,23.424,23.464
2023-02-03,23.4675,23.605,22.291,22.349
2023-02-06,22.324,22.617,22.147,22.273
2023-02-07,22.269,22.459,22.047,22.18
2023-02-08,22.2,22.538,22.18,22.322
2023-02-09,22.3265,22.59,21.914,21.98
2023-02-10,21.975,22.306,21.837,22.021
2023-02-13,22.014,22.083,21.793,21.993
2023-02-14,21.9985,22.039,21.609,21.854
2023-02-15,21.875,21.881,21.429,21.624
2023-02-16,21.63,21.816,21.433,21.583
2023-02-17,21.589,21.808,21.18,21.767
2023-02-20,21.681,21.909,21.552,21.8175
2023-02-21,21.825,21.974,21.65,21.838
2023-02-22,21.85,21.982,21.449,21.519
2023-02-23,21.5215,21.679,21.268,21.317
2023-02-24,21.328,21.4,20.739,20.766
2023-02-27,20.81,20.845,20.562,20.631
2023-02-28,20.65,21.005,20.426,20.897
2023-03-01,20.875,21.178,20.836,20.992
2023-03-02,20.995,21.018,20.679,20.899
2023-03-03,20.901,21.27,20.847,21.256
2023-03-06,21.258,21.307,20.981,21.052
2023-03-07,21.0442,21.141,20.032,20.075
2023-03-08,20.101,20.227,19.917,20.026
2023-03-09,20.038,20.291,19.98,20.07
2023-03-10,20.1,20.792,19.905,20.527
2023-03-13,20.741,21.928,20.595,21.777
2023-03-14,21.778,21.971,21.513,21.692
2023-03-15,21.694,22.388,21.551,21.797
2023-03-16,21.799,22.093,21.475,21.72
2023-03-17,21.725,22.606,21.667,22.604
2023-03-20,22.415,22.717,22.229,22.537
2023-03-21,22.537,22.649,22.158,22.382
2023-03-22,22.387,23.066,22.276,22.888
2023-03-23,22.888,23.224,22.762,23.08
2023-03-24,23.077,23.525,22.967,23.225
2023-03-27,23.284,23.284,22.854,23.078
2023-03-28,23.083,23.377,22.832,23.327
2023-03-29,23.341,23.418,23.049,23.34
2023-03-30,23.3255,23.932,23.237,23.912
2023-03-31,23.913,24.163,23.696,24.081
2023-04-03,24.099,24.193,23.574,23.986
2023-04-04,23.9855,25.021,23.828,25
2023-04-05,24.9815,25.138,24.646,24.947
2023-04-06,24.95,25.003,24.568,24.9765
2023-04-10,24.782,25.076,24.654,24.872
2023-04-11,24.873,25.133,24.837,25.052
2023-04-12,25.042,25.671,25.042,25.504
2023-04-13,25.475,25.964,25.393,25.824
2023-04-14,25.832,26.086,25.161,25.379
2023-04-17,25.33,25.604,24.818,25.036
2023-04-18,25.025,25.32,24.932,25.192
2023-04-19,25.191,25.371,24.647,25.287
2023-04-20,25.275,25.495,25.058,25.29
2023-04-21,25.275,25.383,24.906,25.036
2023-04-24,25.088,25.235,24.792,25.159
2023-04-25,25.1635,25.36,24.499,25.014
2023-04-26,25.0044,25.226,24.729,24.884
2023-04-27,24.9,25.1325,24.519,24.925
2023-04-28,24.9245,25.068,24.732,25.035
2023-05-01,25.057,25.914,24.885,24.995
2023-05-02,24.982,25.486,24.583,25.378
2023-05-03,25.369,25.597,25.092,25.574
2023-05-04,25.674,26.063,25.442,26.048
2023-05-05,26.031,26.137,25.172,25.66
2023-05-08,25.666,25.737,25.509,25.558
2023-05-09,25.5485,25.674,25.329,25.606
2023-05-10,25.594,25.916,25.226,25.395
2023-05-11,25.408,25.476,24.14,24.188
2023-05-12,24.1915,24.201,23.741,23.984
2023-05-15,23.9405,24.211,23.88,24.094
2023-05-16,24.0915,24.105,23.639,23.751
2023-05-17,23.748,23.88,23.552,23.743
2023-05-18,23.725,23.783,23.331,23.496
2023-05-19,23.525,24.014,23.398,23.818
2023-05-22,23.852,23.92,23.607,23.629
2023-05-23,23.6395,23.655,23.112,23.45
2023-05-24,23.425,23.537,23.027,23.065
2023-05-25,23.071,23.152,22.705,22.737
2023-05-26,22.7275,23.334,22.686,23.295
2023-05-29,23.298,23.379,23.158,23.1705
2023-05-30,23.1795,23.344,22.93,23.194
2023-05-31,23.199,23.616,23.099,23.519
2023-06-01,23.512,23.922,23.28,23.878
2023-06-02,23.8685,24.022,23.585,23.62
2023-06-05,23.604,23.687,23.254,23.577
2023-06-06,23.582,23.776,23.341,23.593
2023-06-07,23.5965,24.055,23.406,23.444
2023-06-08,23.425,24.348,23.425,24.269
2023-06-09,24.278,24.525,24.201,24.273
2023-06-12,24.288,24.302,23.881,24.063
2023-06-13,24.075,24.393,23.601,23.673
2023-06-14,23.665,24.08,23.655,23.923
2023-06-15,23.92,23.935,23.224,23.884
2023-06-16,23.9,24.208,23.836,24.15
2023-06-19,24.166,24.2,23.889,23.9555
2023-06-20,23.985,24.027,23.06,23.156
2023-06-21,23.175,23.178,22.501,22.662
2023-06-22,22.6844,22.737,22.195,22.255
2023-06-23,22.2495,22.681,22.113,22.413
2023-06-26,22.428,22.893,22.416,22.79
2023-06-27,22.8,23.095,22.755,22.86
2023-06-28,22.8645,22.963,22.566,22.693
2023-06-29,22.6975,22.88,22.284,22.574
2023-06-30,22.5775,22.844,22.347,22.775
2023-07-03,22.788,23.071,22.709,22.9045
2023-07-04,22.8945,23.059,22.8755,22.973
2023-07-05,22.9645,23.301,22.77,23.1285
2023-07-06,23.131,23.2535,22.5275,22.7205
2023-07-07,22.7215,23.154,22.616,23.094
2023-07-10,23.115,23.1535,22.7515,23.145
2023-07-11,23.149,23.388,23.0215,23.1245
2023-07-12,23.136,24.1515,23.1155,24.1265
2023-07-13,24.1025,24.8815,24.0985,24.8765
2023-07-14,24.8615,25.024,24.684,24.901
2023-07-17,24.924,24.961,24.604,24.839
2023-07-18,24.842,25.1675,24.773,25.056
2023-07-19,25.05,25.233,24.944,25.156
2023-07-20,25.141,25.268,24.713,24.7625
2023-07-21,24.78,24.914,24.5925,24.602
2023-07-24,24.607,24.727,24.27,24.3455
2023-07-25,24.3445,24.725,24.296,24.687
2023-07-26,24.7,25.035,24.522,24.935
2023-07-27,24.925,25.1447,24.046,24.1325
2023-07-28,24.138,24.4085,24.1165,24.322
2023-07-31,24.348,24.838,24.198,24.7555
2023-08-01,24.75,24.7625,24.133,24.2965
2023-08-02,24.357,24.49,23.659,23.715
2023-08-03,23.7205,23.8455,23.4135,23.5755
2023-08-04,23.572,23.7895,23.3345,23.604
2023-08-07,23.629,23.683,23.0735,23.1345
2023-08-08,23.1355,23.1885,22.6695,22.7765
2023-08-09,22.7815,22.939,22.63,22.6735
2023-08-10,22.672,23.003,22.629,22.698
2023-08-11,22.7185,22.845,22.575,22.6805
2023-08-14,22.678,22.763,22.3685,22.6025
2023-08-15,22.6067,22.71,22.2285,22.5325
2023-08-16,22.525,22.778,22.404,22.415
2023-08-17,22.425,23.009,22.3535,22.6895
2023-08-18,22.7,22.888,22.641,22.757
2023-08-21,22.733,23.32,22.6695,23.3115
2023-08-22,23.322,23.4545,23.2125,23.4075
2023-08-23,23.4207,24.3575,23.4075,24.313
2023-08-24,24.325,24.353,24.06,24.125
2023-08-25,24.1535,24.3795,23.9235,24.2355
2023-08-28,24.234,24.354,24.054,24.2385
2023-08-29,24.232,24.797,24.175,24.722
2023-08-30,24.675,25.013,24.531,24.614
2023-08-31,24.625,24.68,24.374,24.438
2023-09-01,24.425,24.825,24.157,24.174
2023-09-04,24.199,24.294,23.963,23.985
2023-09-05,23.9985,24.0045,23.4805,23.5455
2023-09-06,23.525,23.5975,23.0065,23.1745
2023-09-07,23.185,23.1875,22.8385,22.9715
2023-09-08,22.9765,23.175,22.858,22.92
2023-09-11,22.9165,23.224,22.91,23.079
2023-09-12,23.0885,23.1855,22.8385,23.0705
2023-09-13,23.0615,23.0945,22.7465,22.8345
2023-09-14,22.8402,22.976,22.302,22.648
2023-09-15,22.6512,23.29,22.628,23.018
2023-09-18,23.0485,23.262,22.963,23.249
2023-09-19,23.2572,23.4165,23.0985,23.2015
2023-09-20,23.197,23.6,23.05,23.2425
2023-09-21,23.225,23.4735,22.8125,23.4005
2023-09-22,23.399,23.7755,23.3955,23.5475
2023-09-25,23.545,23.6495,23.0405,23.1305
2023-09-26,23.125,23.15,22.8475,22.8495
2023-09-27,22.84,22.878,22.407,22.546
2023-09-28,22.55,22.737,22.398,22.621
2023-09-29,22.637,23.55,22.115,22.181
2023-10-02,22.181,22.189,21.029,21.044
2023-10-03,21.075,21.3975,20.6895,21.1625
2023-10-04,21.187,21.3865,20.6955,21.0085
2023-10-05,21.01,21.2975,20.7135,20.9725
2023-10-06,20.9875,21.6185,20.8185,21.5315
2023-10-09,21.8135,22.0165,21.5745,21.8865
2023-10-10,21.8855,21.9605,21.6355,21.8385
2023-10-11,21.8297,22.1245,21.8005,22.0405
2023-10-12,22.0392,22.2431,21.757,21.825
2023-10-13,21.8275,22.8145,21.8085,22.6845
2023-10-16,22.7175,22.728,22.478,22.61
2023-10-17,22.6045,23.009,22.374,22.807
2023-10-18,22.8125,23.321,22.684,22.854
2023-10-19,22.8416,23.085,22.644,23.054
2023-10-20,23.0365,23.6995,22.8765,23.3495
2023-10-23,23.331,23.3345,22.736,22.9795
2023-10-24,22.956,23.208,22.664,22.917
2023-10-25,22.898,23.022,22.562,22.861
2023-10-26,22.8485,23.139,22.449,22.794
2023-10-27,22.8015,23.123,22.664,23.105
2023-10-30,23.0585,23.6055,23.0415,23.2965
2023-10-31,23.2965,23.3145,22.7405,22.85
2023-11-01,22.851,23.012,22.545,22.991
2023-11-02,22.987,23.125,22.663,22.723
2023-11-03,22.723,23.303,22.592,23.216
2023-11-06,23.2215,23.2575,22.9965,23.0305
2023-11-07,23.0255,23.074,22.431,22.635
2023-11-08,22.6392,22.844,22.306,22.549
2023-11-09,22.529,22.994,22.366,22.639
2023-11-10,22.634,22.742,22.196,22.21
2023-11-13,22.2575,22.362,21.883,22.314
2023-11-14,22.316,23.183,22.298,23.087
2023-11-15,23.102,23.6205,23.0345,23.4425
2023-11-16,23.4475,24.0755,23.2865,23.7455
2023-11-17,23.7445,24.1465,23.6675,23.7345
2023-11-20,23.716,23.8115,23.2465,23.4355
2023-11-21,23.432,24.0165,23.427,23.7465
2023-11-22,23.7455,23.9455,23.5405,23.6385
2023-11-23,23.618,23.8385,23.6005,23.8355
2023-11-24,23.7125,24.3385,23.5675,24.3325
2023-11-27,24.333,24.878,24.271,24.649
2023-11-28,24.629,25.036,24.547,25.03
2023-11-29,25.023,25.259,24.856,25.023
2023-11-30,25.015,25.29,24.925,25.271
2023-12-01,25.2835,25.523,25.089,25.467
2023-12-04,25.5375,25.9055,24.4215,24.5035
2023-12-05,24.518,24.635,23.974,24.16
2023-12-06,24.165,24.359,23.877,23.902
2023-12-07,23.8825,24.0275,23.5875,23.8035
2023-12-08,23.8175,23.8945,22.9425,23.0285
2023-12-11,22.9975,23.102,22.723,22.824
2023-12-12,22.823,23.148,22.691,22.771
2023-12-13,22.7725,23.812,22.511,23.807
2023-12-14,23.8075,24.2195,23.7645,24.1785
2023-12-15,24.179,24.288,23.757,23.83
2023-12-18,23.857,24.0565,23.6635,23.8055
2023-12-19,23.8005,24.1715,23.7705,24.0525
2023-12-20,24.0515,24.4405,23.9545,24.1505
2023-12-21,24.1405,24.4855,24.1375,24.3985
2023-12-22,24.399,24.604,24.093,24.156
2023-12-26,24.1925,24.4185,24.0655,24.2275
2023-12-27,24.228,24.454,23.953,24.27
2023-12-28,24.2735,24.492,23.953,23.977
2023-12-29,23.9825,23.9925,23.5395,23.7955
2024-01-02,23.831,24.0945,23.6415,23.6585
2024-01-03,23.6495,23.7305,22.8435,22.9855
2024-01-04,23.0015,23.073,22.696,23.008
2024-01-05,23.0085,23.516,22.786,23.181
2024-01-08,23.1465,23.2125,22.8415,23.1075
2024-01-09,23.1145,23.3735,22.8965,22.9765
2024-01-10,22.978,23.107,22.78,22.899
2024-01-11,22.9,23.171,22.477,22.751
2024-01-12,22.77,23.532,22.764,23.158
2024-01-15,23.1835,23.3367,23.1105,23.2245
2024-01-16,23.233,23.235,22.8605,22.9185
2024-01-17,22.917,22.949,22.512,22.557
2024-01-18,22.559,22.762,22.429,22.746
2024-01-19,22.756,22.844,22.466,22.582
2024-01-22,22.6035,22.662,21.929,22.098
2024-01-23,22.087,22.456,22.059,22.443
2024-01-24,22.446,22.961,22.344,22.67
2024-01-25,22.68,23.025,22.651,22.912
2024-01-26,22.9015,22.983,22.705,22.807
2024-01-29,22.8125,23.2325,22.772,23.205
2024-01-30,23.2055,23.3045,22.9425,23.1605
2024-01-31,23.171,23.3225,22.7835,22.9385
2024-02-01,22.9345,23.255,22.515,23.177
2024-02-02,23.1775,23.2505,22.4075,22.6625
2024-02-05,22.729,22.7355,22.246,22.358
2024-02-06,22.347,22.488,22.264,22.428
2024-02-07,22.429,22.449,22.198,22.217
2024-02-08,22.2055,22.636,22.145,22.5845
2024-02-09,22.583,22.719,22.363,22.612
2024-02-12,22.568,23.075,22.52,22.693
2024-02-13,22.686,22.939,21.989,22.123
2024-02-14,22.112,22.454,21.938,22.371
2024-02-15,22.378,23.038,22.352,22.925
2024-02-16,22.938,23.502,22.793,23.39
2024-02-19,23.4145,23.4555,22.9375,22.9885
2024-02-20,22.9925,23.193,22.92,23.009
2024-02-21,22.997,23.183,22.761,22.887
2024-02-22,22.902,23.165,22.741,22.747
2024-02-23,22.7525,23.001,22.563,22.959
2024-02-26,22.951,22.951,22.451,22.521
2024-02-27,22.529,22.715,22.445,22.457
2024-02-28,22.462,22.518,22.277,22.462
2024-02-29,22.4685,22.79,22.314,22.671
2024-03-01,22.6585,23.269,22.51,23.16
2024-03-04,23.1605,23.9455,23.0215,23.8905
2024-03-05,23.9,24.2265,23.6315,23.6725
2024-03-06,23.6665,24.3045,23.5735,24.1755
2024-03-07,24.1695,24.505,24.011,24.2955
2024-03-08,24.312,24.63,24.179,24.295
2024-03-11,24.327,24.524,24.242,24.485
2024-03-12,24.484,24.679,24.012,24.1415
2024-03-13,24.1415,25.05,24.0755,25.035
2024-03-14,25.028,25.158,24.743,24.816
2024-03-15,24.81,25.445,24.808,25.182
2024-03-18,25.118,25.327,24.947,25.032
2024-03-19,25.031,25.155,24.737,24.915
2024-03-20,24.916,25.7325,24.747,25.6385
2024-03-21,25.6445,25.7795,24.6485,24.749
2024-03-22,24.75,24.949,24.407,24.674
2024-03-25,24.662,24.892,24.558,24.663
2024-03-26,24.664,24.889,24.37,24.409
2024-03-27,24.407,24.675,24.331,24.581
2024-03-28,24.582,25.007,24.394,24.97
2024-04-01,25.0265,25.388,24.746,25.085
2024-04-02,25.094,26.173,25.079,26.14
2024-04-03,26.1405,27.2,26.1155,27.1825
2024-04-04,27.183,27.329,26.689,26.911
2024-04-05,26.95,27.49,26.29,27.384
2024-04-08,27.444,28.088,26.869,27.853
2024-04-09,27.8535,28.3245,27.6235,28.1525
2024-04-10,28.1565,28.5185,27.5365,27.9275
2024-04-11,27.9245,28.4985,27.7595,28.4455
2024-04-12,28.4365,29.7945,27.9285,28.0305
2024-04-15,28.2135,28.8915,27.5905,28.8755
2024-04-16,28.876,29.02,27.956,28.104
2024-04-17,28.1075,28.8065,28.0705,28.2235
2024-04-18,28.2145,28.6595,28.1385,28.2405
2024-04-19,28.2255,28.9435,28.0765,28.6715
2024-04-22,28.65,28.6715,27.115,27.194
2024-04-23,27.181,27.381,26.668,27.307
2024-04-24,27.302,27.49,27.037,27.166
2024-04-25,27.163,27.575,26.985,27.442
2024-04-26,27.4405,27.732,27.087,27.226
2024-04-29,27.1975,27.433,26.963,27.142
2024-04-30,27.1465,27.1465,26.246,26.295
2024-05-01,26.2745,26.9685,26.2665,26.6495
2024-05-02,26.65,26.82,26.02,26.678
2024-05-03,26.674,26.865,26.125,26.504
2024-05-06,26.5915,27.488,26.436,27.447
2024-05-07,27.452,27.521,27.167,27.24
2024-05-08,27.222,27.478,27.012,27.337
2024-05-09,27.329,28.344,27.289,28.334
2024-05-10,28.3345,28.7665,28.0435,28.2085
2024-05-13,28.209,28.3875,27.9715,28.2035
2024-05-14,28.1875,28.7375,28.1275,28.6115
2024-05-15,28.6075,29.7395,28.4385,29.6725
2024-05-16,29.673,29.846,29.336,29.581
2024-05-17,29.585,31.558,29.465,31.516
2024-05-20,31.5785,32.511,30.951,31.831
2024-05-21,31.827,32.504,31.077,31.978
2024-05-22,31.984,32.201,30.759,30.798
2024-05-23,30.7845,30.9835,30.0665,30.1255
2024-05-24,30.1295,30.6205,30.0505,30.3525
2024-05-27,30.372,31.8525,30.372,31.643
2024-05-28,31.6435,32.247,31.253,32.1
2024-05-29,32.1095,32.2975,31.6195,31.9765
2024-05-30,31.947,32.089,31.011,31.166
2024-05-31,31.161,31.766,30.195,30.382
2024-06-03,30.4545,30.8075,29.7825,30.732
2024-06-04,30.7505,30.8835,29.383,29.496
2024-06-05,29.504,30.05,29.395,30.006
2024-06-06,30.0305,31.3465,29.9715,31.3255
2024-06-07,31.356,31.55,29.1315,29.1725
2024-06-10,29.2035,29.8195,29.1385,29.7485
2024-06-11,29.867,29.87,29.036,29.285
2024-06-12,29.2825,30.2585,29.1885,29.7285
2024-06-13,29.735,29.739,28.67,28.965
2024-06-14,28.9655,29.5815,28.8385,29.5795
2024-06-17,29.563,29.5795,29.028,29.465
2024-06-18,29.4655,29.6775,28.9285,29.5415
2024-06-19,29.541,29.791,29.347,29.761
2024-06-20,29.752,30.792,29.75,30.737
2024-06-21,30.7375,30.8515,29.4695,29.5405
2024-06-24,29.52,29.728,29.349,29.582
2024-06-25,29.584,29.659,28.844,28.914
2024-06-26,28.9145,29.0745,28.5745,28.7705
2024-06-27,28.7755,29.2525,28.6845,28.9775
2024-06-28,28.9745,29.6235,28.7805,29.1125
2024-07-01,29.175,29.4785,28.9615,29.4495
2024-07-02,29.4785,29.8195,29.2115,29.5235
2024-07-03,29.523,30.669,29.481,30.498
2024-07-04,30.494,30.59,30.208,30.409
2024-07-05,30.406,31.487,30.191,31.218
2024-07-08,31.1775,31.3665,30.4405,30.7625
2024-07-09,30.7545,31.1495,30.5205,30.7985
2024-07-10,30.8045,31.1645,30.6525,30.8165
2024-07-11,30.8205,31.7515,30.8155,31.4575
2024-07-12,31.4465,31.4485,30.3895,30.7875
2024-07-15,30.802,31.0955,30.5345,30.6805
2024-07-16,30.6775,31.4005,30.4975,31.2515
2024-07-17,31.2375,31.4255,30.0605,30.3055
2024-07-18,30.305,30.596,29.747,29.829
2024-07-19,29.817,29.843,28.877,29.22
2024-07-22,29.2045,29.4325,28.7515,29.1295
2024-07-23,29.1315,29.3035,28.6785,29.2365
2024-07-24,29.2405,29.4525,28.8955,28.9005
2024-07-25,28.886,28.9205,27.4275,27.8555
2024-07-26,27.843,28.075,27.593,27.903
2024-07-29,27.9115,28.196,27.319,27.861
2024-07-30,27.869,28.411,27.636,28.386
2024-07-31,28.411,29.037,28.245,29.005
2024-08-01,29.0335,29.1575,28.2235,28.5225
2024-08-02,28.5265,29.2225,27.9495,28.5335
2024-08-05,28.5735,28.6745,26.5085,27.2495
2024-08-06,27.271,27.5705,26.6045,26.9675
2024-08-07,26.9785,27.2705,26.5775,26.6095
2024-08-08,26.5435,27.6005,26.4665,27.5405
2024-08-09,27.54,27.7579,27.2689,27.4019
2024-08-12,27.4685,28.0395,27.2275,27.9575
2024-08-13,27.977,28.047,27.458,27.856
2024-08-14,27.869,28.03,27.19,27.567
2024-08-15,27.5535,28.521,27.491,28.357
2024-08-16,28.346,28.976,28.044,28.969
2024-08-19,29.007,29.4875,28.7325,29.4455
2024-08-20,29.4445,29.9715,29.2095,29.4385
2024-08-21,29.4395,29.7365,29.2315,29.6045
2024-08-22,29.604,29.68,28.79,28.984
2024-08-23,28.9845,29.8825,28.9465,29.8325
2024-08-26,29.8645,30.188,29.656,29.911
2024-08-27,29.9165,30.089,29.718,29.974
2024-08-28,29.975,30.105,29.082,29.141
2024-08-29,29.1405,29.6855,29.1225,29.4255
2024-08-30,29.375,29.5885,28.6925,28.8625
2024-09-02,28.8585,28.9715,28.3275,28.5525
2024-09-03,28.551,28.5705,27.7105,28.0505
2024-09-04,28.0475,28.357,27.777,28.271
2024-09-05,28.2645,29.173,28.212,28.824
2024-09-06,28.8235,29.1175,27.6885,27.9205
2024-09-09,27.936,28.367,27.708,28.35
2024-09-10,28.354,28.554,28.038,28.4
2024-09-11,28.395,28.869,28.082,28.676
2024-09-12,28.6755,29.9135,28.5375,29.873
2024-09-13,29.884,30.919,29.854,30.73
2024-09-16,30.7315,31.0945,30.5975,30.7335
2024-09-17,30.717,30.9895,30.5155,30.7035
2024-09-18,30.7025,31.2245,29.7075,30.0835
2024-09-19,30.114,31.299,29.914,30.786
2024-09-20,30.776,31.4315,30.7355,31.1455
2024-09-23,31.23,31.2445,30.3595,30.6925
2024-09-24,30.7,32.2635,30.6535,32.0975
2024-09-25,32.098,32.275,31.572,31.812
2024-09-26,31.8075,32.713,31.749,32.018
2024-09-27,32.021,32.294,31.389,31.634
2024-09-30,31.658,31.852,30.894,31.16
2024-10-01,31.1605,31.8505,31.1135,31.4405
2024-10-02,31.434,32.3015,31.0015,31.8345
2024-10-03,31.824,32.216,31.413,32.028
2024-10-04,32.0195,32.956,31.506,32.196
2024-10-07,32.212,32.337,31.42,31.687
2024-10-08,31.686,31.772,30.127,30.671
2024-10-09,30.6715,30.7825,30.2225,30.5015
2024-10-10,30.501,31.1855,30.3595,31.1625
2024-10-11,31.1605,31.6345,31.0645,31.5665
2024-10-14,30.8875,31.548,30.817,31.189
2024-10-15,31.1895,31.6855,30.7665,31.5075
2024-10-16,31.507,32.173,31.416,31.679
2024-10-17,31.6905,32.018,31.321,31.695
2024-10-18,31.693,33.681,31.693,33.619
2024-10-21,33.7605,34.269,33.466,33.787
2024-10-22,33.792,34.866,33.788,34.854
2024-10-23,34.855,34.855,33.4385,33.7005
2024-10-24,33.7055,34.3,33.243,33.675
2024-10-25,33.666,34.017,33.089,33.587
2024-10-28,33.506,33.989,33.233,33.656
2024-10-29,33.656,34.545,33.63,34.449
2024-10-30,34.447,34.525,33.413,33.771
2024-10-31,33.766,33.901,32.511,32.6735
2024-11-01,32.6775,33.1245,32.3345,32.4475
2024-11-04,32.41,32.877,32.303,32.458
2024-11-05,32.452,32.9245,32.253,32.6535
2024-11-06,32.648,32.7295,30.8355,31.1755
2024-11-07,31.1645,32.1555,30.8765,32.0375
2024-11-08,32.037,32.064,31.195,31.253
2024-11-11,31.3,31.5615,30.4265,30.6915
2024-11-12,30.6865,30.8215,30.1915,30.7155
2024-11-13,30.72,31.1395,30.2855,30.3125
2024-11-14,30.313,30.652,29.679,30.444
2024-11-15,30.445,30.815,30.183,30.251
2024-11-18,30.305,31.268,30.276,31.173
2024-11-19,31.1725,31.5355,31.0485,31.2135
2024-11-20,31.15,31.3255,30.7795,30.8585
2024-11-21,30.8595,31.3105,30.6485,30.7935
2024-11-22,30.7985,31.4035,30.7395,31.2285
2024-11-25,31.327,31.4775,30.0895,30.3065
2024-11-26,30.306,30.694,29.99,30.446
2024-11-27,30.443,30.707,29.986,30.103
2024-11-28,30.085,30.296,29.646,30.224
2024-11-29,30.249,30.887,30.185,30.631
2024-12-02,30.6525,30.6765,30.0585,30.5075
2024-12-03,30.508,31.0865,30.4665,31.0335
2024-12-04,31.0245,31.4755,30.4815,31.297
2024-12-05,31.2875,31.4195,31.0195,31.3285
2024-12-06,31.3315,31.4375,30.8335,30.9925
2024-12-09,31.0315,32.2775,30.8685,31.8265
2024-12-10,31.826,32.095,31.71,31.904
2024-12-11,31.914,32.186,31.531,31.914
2024-12-12,31.916,32.329,30.887,30.9665
2024-12-13,30.9725,31.1105,30.2945,30.4755
2024-12-16,30.5635,30.752,30.468,30.531
2024-12-17,30.5295,30.6065,30.1575,30.5375
2024-12-18,30.5295,30.5735,29.3125,29.3585
2024-12-19,29.369,29.7055,28.7495,29.0465
2024-12-20,29.0195,29.6955,28.8135,29.5405
2024-12-23,29.488,29.877,29.425,29.653
2024-12-24,29.6745,29.79,29.479,29.619
2024-12-26,29.672,29.872,29.51,29.804
2024-12-27,29.783,29.895,29.328,29.381
2024-12-30,29.365,29.5335,28.8005,28.9575
2024-12-31,28.9525,29.0285,28.7835,28.9015
2025-01-02,28.8975,29.5965,28.8945,29.5645
2025-01-03,29.565,29.897,29.494,29.612
2025-01-06,29.646,30.346,29.412,29.948
2025-01-07,29.9355,30.385,29.881,30.05
2025-01-08,30.037,30.346,29.819,30.11
2025-01-09,30.109,30.477,30.012,30.11
2025-01-10,30.128,30.658,29.963,30.328
2025-01-13,30.418,30.502,29.506,29.62
2025-01-14,29.621,29.976,29.518,29.906
2025-01-15,29.912,30.752,29.739,30.679
2025-01-16,30.6785,30.9745,30.5315,30.8195
2025-01-17,30.8105,30.8425,30.1345,30.3135
2025-01-20,30.3675,30.625,30.009,30.523
2025-01-21,30.502,30.8595,30.2015,30.841
2025-01-22,30.8345,30.9445,30.5695,30.8275
2025-01-23,30.8135,30.8645,30.0985,30.4455
2025-01-24,30.441,31.022,30.433,30.646
2025-01-27,30.542,30.6185,29.7085,30.218
2025-01-28,30.2245,30.491,29.883,30.4125
2025-01-29,30.421,30.984,30.288,30.838
2025-01-30,30.8375,31.7335,30.8075,31.6435
2025-01-31,31.633,31.706,31.132,31.336
2025-02-03,31.4795,31.6735,30.683,31.5945
2025-02-04,31.594,32.376,31.36,32.14
2025-02-05,32.139,32.547,31.968,32.312
2025-02-06,32.315,32.42,31.755,32.218
2025-02-07,32.212,32.649,31.794,31.856
2025-02-10,31.727,32.335,31.68,32.045
2025-02-11,32.04,32.245,31.257,31.827
2025-02-12,31.825,32.363,31.528,32.235
2025-02-13,32.23,32.418,32.009,32.345
2025-02-14,32.318,33.391,32.072,32.18
2025-02-17,32.204,32.75,31.931,32.402
2025-02-18,32.3025,32.907,32.079,32.885
2025-02-19,32.9065,33.0775,32.4585,32.7045
2025-02-20,32.6995,33.2085,32.6265,32.9515
2025-02-21,32.9555,33.0805,32.5135,32.5395
2025-02-24,32.5215,32.7525,32.1005,32.3575
2025-02-25,32.358,32.486,31.295,31.7515
2025-02-26,31.739,31.956,31.496,31.8565
2025-02-27,31.895,31.94,31.18,31.265
2025-02-28,31.2635,31.3975,30.8195,31.1075
2025-03-03,31.151,31.8405,31.1225,31.6895
2025-03-04,31.673,32.013,31.474,31.985
2025-03-05,31.996,32.71,31.783,32.659
2025-03-06,32.6905,32.7635,32.2615,32.6375
2025-03-07,32.6715,32.7065,32.1125,32.4915
2025-03-10,32.552,32.666,31.943,32.046
2025-03-11,32.044,32.9935,31.819,32.9395
2025-03-12,32.9395,33.3175,32.7055,33.2605
2025-03-13,33.2605,33.9535,32.9415,33.876
2025-03-14,33.876,34.081,33.531,33.806
2025-03-17,33.815,33.9,33.441,33.831
2025-03-18,33.831,34.229,33.748,34
2025-03-19,34.009,34.093,33.469,33.853
2025-03-20,33.853,33.943,33.109,33.536
2025-03-21,33.537,33.551,32.665,33.038
2025-03-24,33.0505,33.2995,32.8915,32.9465
2025-03-25,32.9465,33.7965,32.9255,33.729
2025-03-26,33.73,33.927,33.513,33.635
2025-03-27,33.64,34.476,33.607,34.434
2025-03-28,34.433,34.576,33.931,34.129
2025-03-31,34.139,34.47,33.512,34.088
2025-04-01,34.1,34.209,33.48,33.693
2025-04-02,33.704,34.151,33.602,33.8875
2025-04-03,33.8375,33.947,31.723,31.856
2025-04-04,31.83,31.99,29.198,29.741
2025-04-07,29.132,30.815,28.39,30.085
2025-04-08,30.0965,30.534,29.627,29.808
2025-04-09,29.843,31.041,29.339,31.032
2025-04-10,31.071,31.3105,30.5875,31.2185
2025-04-11,31.2585,32.2785,30.9145,32.1005
2025-04-14,32.3445,32.388,31.752,32.352
2025-04-15,32.349,32.397,32.096,32.316
2025-04-16,32.315,33.101,32.271,32.761
2025-04-17,32.7605,32.9405,32.0895,32.5545
2025-04-21,32.558,33.0555,32.4285,32.6875
2025-04-22,32.6785,33.1475,32.3075,32.5045
2025-04-23,32.3525,33.6705,32.0985,33.5805
2025-04-24,33.556,33.683,33.177,33.584
2025-04-25,33.585,33.688,32.778,33.037
2025-04-28,33.1225,33.1975,32.6625,33.1625
2025-04-29,33.1615,33.5335,32.8095,32.9325
2025-04-30,32.9195,33.1095,32.1865,32.6175
2025-05-01,32.635,32.6795,31.6725,32.4145
2025-05-02,32.415,32.72,31.942,32.024
2025-05-05,31.999,32.657,31.989,32.487
2025-05-06,32.496,33.249,32.442,33.222
2025-05-07,33.2215,33.2555,32.2525,32.4615
2025-05-08,32.461,32.945,32.226,32.46
2025-05-09,32.467,32.868,32.225,32.758
2025-05-12,32.398,32.9935,31.8885,32.6015
2025-05-13,32.6145,33.2315,32.5215,32.9075
2025-05-14,32.9195,32.9805,32.0875,32.2265
2025-05-15,32.227,32.656,31.655,32.639
2025-05-16,32.6385,32.6955,31.8815,32.2445
2025-05-19,32.2855,32.628,32.236,32.359
2025-05-20,32.356,33.132,32.126,33.088
2025-05-21,33.0875,33.5705,32.9325,33.3925
2025-05-22,33.4185,33.7035,32.6165,33.0555
2025-05-23,33.0735,33.5445,32.9075,33.4845
2025-05-26,33.3995,33.775,33.2435,33.4895
2025-05-27,33.48,33.5245,32.7705,33.2665
2025-05-28,33.2695,33.4345,32.9155,32.9765
2025-05-29,32.9745,33.4985,32.6995,33.3235
2025-05-30,33.3285,33.3445,32.7775,32.9935
2025-06-02,33.0395,34.7895,32.9565,34.7545
2025-06-03,34.7345,34.7655,33.9785,34.5245
2025-06-04,34.5285,34.6525,34.1875,34.5045
2025-06-05,34.5185,36.0625,34.4355,35.6515
2025-06-06,35.637,36.331,35.614,35.953
2025-06-09,36.015,36.888,35.921,36.759
2025-06-10,36.7595,36.8315,36.3125,36.5295
2025-06-11,36.5365,36.6435,36.0355,36.2475
2025-06-12,36.248,36.452,35.46,36.357
2025-06-13,36.347,36.634,35.981,36.264
2025-06-16,36.307,36.538,36.098,36.32
2025-06-17,36.312,37.251,36.15,37.13
2025-06-18,37.1375,37.3155,36.5395,36.7435
2025-06-19,36.7415,36.7845,36.2145,36.4065
2025-06-20,36.397,36.431,35.516,36.017
2025-06-23,36.042,36.363,35.867,36.109
2025-06-24,36.101,36.202,35.286,35.92
2025-06-25,35.924,36.325,35.679,36.265
2025-06-26,36.266,36.831,36.238,36.651
2025-06-27,36.6515,36.7225,35.7955,35.9215
2025-06-30,36.0175,36.232,35.421,36.112
2025-07-01,36.109,36.615,35.808,36.033
2025-07-02,36.029,36.584,35.877,36.554
2025-07-03,36.5545,37.0735,36.3435,36.8445
2025-07-04,36.8465,36.975,36.6265,36.9265
2025-07-07,36.965,37.2185,36.1575,36.7735
2025-07-08,36.7935,36.8805,36.2915,36.7585
2025-07-09,36.7575,36.7705,36.2765,36.3795
2025-07-10,36.38,37.118,36.348,37.03
2025-07-11,37.0385,38.5385,36.9245,38.5075
2025-07-14,38.4135,39.1295,38.0855,38.1375
2025-07-15,38.137,38.383,37.597,37.706
2025-07-16,37.693,38.089,37.505,37.91
2025-07-17,37.928,38.175,37.552,38.142
2025-07-18,38.144,38.439,38.062,38.117
2025-07-21,38.1255,39.055,38.069,38.932
2025-07-22,38.9295,39.3105,38.7265,39.2945
2025-07-23,39.2895,39.5305,39.0625,39.2655
2025-07-24,39.3085,39.3455,38.7025,39.0615
2025-07-25,39.0695,39.1965,37.9555,38.1695
2025-07-28,38.105,38.342,37.908,38.168
2025-07-29,38.176,38.287,37.915,38.204
2025-07-30,38.21,38.253,36.801,37.128
2025-07-31,37.1455,37.2715,36.2145,36.7145
2025-08-01,36.7235,37.1835,36.3635,36.9795
2025-08-04,37.0045,37.48,36.683,37.415
2025-08-05,37.411,37.879,37.316,37.81
2025-08-06,37.8095,37.949,37.627,37.831
2025-08-07,37.8435,38.507,37.831,38.267
2025-08-08,38.288,38.478,37.9945,38.394
2025-08-11,38.398,38.413,37.553,37.625
2025-08-12,37.604,38.02,37.513,37.914
2025-08-13,37.919,38.641,37.851,38.508
2025-08-14,38.544,38.735,37.846,38.021
2025-08-15,38.026,38.106,37.688,37.992
2025-08-18,38.017,38.272,37.816,38.029
2025-08-19,38.0225,38.15,37.282,37.39
2025-08-20,37.392,37.94,36.969,37.908
2025-08-21,37.935,38.208,37.54,38.146
2025-08-22,38.1425,39.063,37.704,38.921
2025-08-25,38.9575,39,38.543,38.565
2025-08-26,38.5785,38.857,38.348,38.612
2025-08-27,38.642,38.705,38.099,38.596
2025-08-28,38.6065,39.121,38.579,39.054
2025-08-29,39.0315,39.969,38.733,39.829
2025-09-01,39.7455,40.925,39.5415,40.717
2025-09-02,40.755,40.926,40.147,40.8885
2025-09-03,40.872,41.468,40.635,41.217
2025-09-04,41.207,41.227,40.412,40.673
2025-09-05,40.6835,41.415,40.556,40.989
2025-09-08,40.937,41.666,40.5425,41.349
2025-09-09,41.325,41.48,40.793,40.872
2025-09-10,40.843,41.286,40.729,41.167
2025-09-11,41.152,41.759,40.903,41.561
2025-09-12,41.541,42.464,41.402,42.212
2025-09-15,42.219,42.743,42.008,42.684
2025-09-16,42.6845,42.966,42.264,42.56
2025-09-17,42.569,42.638,41.146,41.672
2025-09-18,41.6505,41.981,41.199,41.82
2025-09-19,41.813,43.082,41.655,42.989
2025-09-22,43.0975,44.117,43.028,44.071
2025-09-23,44.031,44.465,43.651,44.037
2025-09-24,44.0245,44.317,43.674,43.91
2025-09-25,43.914,45.234,43.779,45.188
2025-09-26,45.187,46.631,44.611,46.106
2025-09-29,46.128,47.178,45.956,46.933
2025-09-30,46.942,47.171,45.813,46.65
2025-10-01,46.6675,47.829,46.629,47.321
2025-10-02,47.3015,48.051,45.915,46.9875
2025-10-03,46.9555,48.371,46.658,47.979
2025-10-06,48.081,48.767,47.964,48.524
2025-10-07,48.496,48.655,47.345,47.831
2025-10-08,47.8255,49.546,47.747,48.8655
2025-10-09,48.9,51.225,48.4875,49.173
2025-10-10,49.018,51.129,48.864,49.998
2025-10-13,50.259,52.45,49.867,52.403
2025-10-14,52.489,53.577,50.4815,51.502
2025-10-15,51.56,53.181,51.41,52.994
2025-10-16,52.816,54.272,52.453,54.153
2025-10-17,54.311,54.481,50.646,51.771
2025-10-20,51.5765,52.785,51.292,52.438
2025-10-21,52.574,52.686,47.905,48.717
2025-10-22,48.609,49.3125,47.533,48.498
2025-10-23,48.402,49.4525,47.943,48.913
2025-10-24,48.917,49.0025,47.849,48.5095
2025-10-27,48.442,48.5485,46.091,46.9025
2025-10-28,46.91,47.2645,45.5595,46.905
2025-10-29,46.9035,48.4555,46.9035,47.782
2025-10-30,47.781,49.105,47.274,49.024
2025-10-31,49.0415,49.368,48.3885,48.68
2025-11-03,48.567,49.1075,47.982,48.0835
2025-11-04,48.027,48.227,46.882,47.161
2025-11-05,47.164,48.271,46.912,48.016
2025-11-06,48.156,48.792,47.663,48.03
2025-11-07,48.052,48.874,47.985,48.405
2025-11-10,48.382,50.609,48.382,50.512
2025-11-11,50.502,51.251,50.294,51.22
2025-11-12,51.2525,53.671,50.874,53.267
2025-11-13,53.3125,54.393,52.082,52.2905
2025-11-14,52.255,53.554,50.072,50.674
2025-11-17,50.437,51.305,49.583,50.213
2025-11-18,50.257,51.181,49.364,50.703
2025-11-19,50.707,52.47,50.388,51.367
2025-11-20,51.411,51.872,50.232,50.664
2025-11-21,50.646,50.854,48.647,49.961
2025-11-24,50.2865,51.417,49.727,51.36
2025-11-25,51.405,51.755,50.718,51.485
2025-11-26,51.469,53.388,51.312,53.348
2025-11-27,53.3635,53.912,52.7045,53.3905
2025-11-28,53.43,56.5255,53.349,56.4205
2025-12-01,56.749,58.852,56.228,58.009
2025-12-02,57.9215,58.645,56.702,58.456
2025-12-03,58.201,58.9815,57.556,58.509
2025-12-04,58.553,58.756,56.497,57.145
2025-12-05,57.15,59.332,56.882,58.386
2025-12-08,58.395,58.681,57.6245,58.158
2025-12-09,58.153,60.833,57.619,60.669
2025-12-10,60.5875,61.941,60.111,61.826
2025-12-11,61.83,64.309,61.45,63.5735
2025-12-12,63.5615,64.659,60.813,61.863
2025-12-15,61.74,64.145,61.6455,64.093
2025-12-16,64.1305,64.148,62.1965,63.7505
2025-12-17,63.7465,66.886,63.682,66.225
2025-12-18,66.228,66.6215,64.668,65.4935
2025-12-19,65.495,67.4545,64.511,67.201
2025-12-22,67.4,69.453,67.201,69.0535
2025-12-23,69.1325,71.573,68.845,71.484
2025-12-24,71.4735,72.6995,70.2625,71.833
2025-12-26,73.073,78.542,72.6985,78.425
2025-12-29,81.573,83.959,70.537,72.1325
2025-12-30,72.2505,78.057,71.1645,76.241
2025-12-31,76.415,76.443,70.086,71.6275
2026-01-02,72.475,74.558,71.098,72.56
2026-01-05,73.425,77.865,72.9395,76.6085
2026-01-06,76.793,81.422,75.904,81.26
2026-01-07,81.321,82.74,76.399,78.19
2026-01-08,78.312,78.9935,73.8565,76.981
2026-01-09,76.987,80.508,75.529,79.83
2026-01-12,80.8065,86.21,79.83,85.163
2026-01-13,85.421,89.102,83.446,86.946
2026-01-14,87.088,93.485,86.965,93.274
2026-01-15,93.685,93.685,86.259,92.384
2026-01-16,92.472,92.8,86.91,89.334
2026-01-19,91.3645,94.6725,91.104,94.625
2026-01-20,94.538,95.8835,92.6045,94.5755
2026-01-21,94.743,95.4955,90.3565,93.0975
2026-01-22,93.116,96.5915,90.8695,96.1905
2026-01-23,96.309,102.5675,96.248,102.5025
2026-01-26,104.984,117.7205,102.261,103.71
2026-01-27,104.456,113.425,103.004,112.052
2026-01-28,111.883,117.428,110.5505,116.849
2026-01-29,116.789,121.643,106.855,115.518
2026-01-30,115.939,118.465,73.784,83.136
2026-02-02,80.654,87.942,71.479,79.271
2026-02-03,80.1955,89.102,80.109,85.321
2026-02-04,85.6405,92.19,83.3125,88.204
2026-02-05,88.4,90.38,70.739,70.958
2026-02-06,70.393,78.123,64.137,77.478
2026-02-09,79.11,84.034,78.527,83.317
2026-02-10,83.851,84.011,80.01,80.797
2026-02-11,80.8615,86.298,80.797,84.307
2026-02-12,84.7695,84.952,74.471,75.322
2026-02-13,74.5275,79.341,74.004,77.012
